"mountain_name","height_in_feet","height_in_meters","first_climbed","summits","fatalities","fatality_rate"
"mount_everest",29032,8849,1953,12000,344,0.0286666666666667
"k2",28251,8611,1954,800,101,0.12625
"kangchenjunga",28169,8586,1955,400,53,0.1325
"lhotse",27940,8516,1956,900,24,0.0266666666666667
"makalu",27838,8485,1955,3000,50,0.0166666666666667
